{
  "color": {
    "red": 0.360784314,
    "green": 1.0,
    "blue": 0.129411765
  }
}
